initial_MPA,Ocean,Cote Bleue,Cerbere-Banyuls,Cape de Creus,Columbretes,Cala Ratjada,Menorca,Tabarca,Cabo de Palos,Cabo de Gata,Coast
Cote Bleue,0.9649335927953308,0.010511535196869638,0.0003641884629635956,0.0013451597898725728,,,0.0004447469457153294,,,,0.02240077680924813
Cerbere-Banyuls,0.8776478630304668,,0.0008773488254288515,0.017161793735806723,,1.0096815571781592e-05,1.0741293161469778e-06,,,,0.10430182346340967
Cape de Creus,0.8524517475359162,,0.0003014790826934706,0.010371806508891421,,1.9650631349939647e-05,3.438860486239439e-05,,,,0.13682092763628653
Columbretes,0.9708332094186658,,,,0.010622840395632329,2.2662635069668197e-05,9.650297900545524e-05,,,,0.0184247845716267
Cala Ratjada,0.9231644035560193,,,,,0.022050241732882957,0.002780065293788632,,,,0.052005289417309135
Menorca,0.9836531263320414,,,,,0.0007003517611285289,0.00047850004335570187,,,,0.015168021863474337
Tabarca,0.8910425402625191,,,,0.0012935820932343555,8.004765891528566e-05,0.0008717294401053827,0.0040411397266171215,,,0.1026709608186088
Cabo de Palos,0.937310238614959,,,,0.003158770249374458,0.0002918356332913505,0.0011332575866295402,0.0009994862109000983,3.2586707127692057e-05,4.735506700822245e-05,0.05702646993070964
Cabo de Gata,0.9320613796178626,,,,,,,0.0003552430182044501,0.00011875910403736164,0.012200964968511523,0.05526365329138409
