initial_MPA,Ocean,Cote Bleue,Cerbere-Banyuls,Cape de Creus,Columbretes,Cala Ratjada,Menorca,Tabarca,Cabo de Palos,Cabo de Gata,Coast
Cote Bleue,0.9781198082099831,0.006334872334107599,0.00011570874694035879,0.0006762189475297235,,,0.0002141328983860963,,,,0.014539258863053078
Cerbere-Banyuls,0.9169672990018535,,0.0008006594858698952,0.013381287451113244,,,,,,,0.06885075406116341
Cape de Creus,0.8813809686888869,,0.0005539445209399078,0.011461970006373386,,,1.480534718900521e-06,,,,0.10660163624908087
Columbretes,0.9442314195402821,,,,0.010498286127930807,,0.00030058653860442764,,,,0.04496970779318268
Cala Ratjada,0.9197567983459488,,,,,0.024638667844870926,0.0016852886171767327,,,,0.05391924519200356
Menorca,0.9884514913180861,,,,,0.0002159694284241908,0.00011960788016685731,,,,0.011212931373322911
Tabarca,0.8966758906216448,,,,0.00424915365814912,8.842451304086959e-05,0.0006239462937708753,0.004103800099454515,8.793033729734758e-05,,0.09417085447664252
Cabo de Palos,0.9329931218216708,,,,0.004226327221279397,0.0001282152403355846,0.000504088736508557,0.0015608025022306334,4.740520354301364e-05,2.5135314709975416e-06,0.060537525742960945
Cabo de Gata,0.9397171191349429,,,,,,,0.00019550582202949792,5.241213823068701e-05,0.011256916488239697,0.04877804641655722
