initial_MPA,Ocean,Cote Bleue,Cerbere-Banyuls,Cape de Creus,Columbretes,Cala Ratjada,Menorca,Tabarca,Cabo de Palos,Cabo de Gata,Coast
Cote Bleue,0.9785382853666321,0.004731943976555772,0.00015622157429138046,0.001417648250968384,,,0.0003039436215039119,,,,0.014851957210048408
Cerbere-Banyuls,0.9384310255444938,,0.00042169299781497245,0.006935849110469341,,2.345788956953924e-06,1.6919626732071922e-05,,,,0.05419216693153286
Cape de Creus,0.9183409674080271,,0.00041829976394996694,0.004575233237285585,,3.4932003256440365e-06,2.5769407788278897e-05,,,,0.07663623698262348
Columbretes,0.9569444328367935,,,,0.009419158506640954,1.6896072554646917e-05,0.00011725135647652533,,,,0.03350226122753436
Cala Ratjada,0.9419724624655834,,,,,0.01405304228070254,0.0016989907482953565,,,,0.04227550450541869
Menorca,0.9895642276540281,,,,,0.0006336365304674005,0.00021371893375321838,,,,0.009588416881751294
Tabarca,0.934878255234015,,,,0.001972817467734477,0.0001096927611348608,0.0005983663962305963,0.0017348443276683093,1.9052308241357324e-05,9.810131614791034e-07,0.06068599049181391
Cabo de Palos,0.9527947482216886,,,,0.002850515969061494,0.0004670317603416513,0.001016389371104689,0.00044993667132813,1.3566025132816604e-05,0.0001164780815249806,0.04229133389981766
Cabo de Gata,0.9561494859665592,,,,2.1178222151785025e-06,,,0.00015589026093789217,0.00011378508367680092,0.006783848202735603,0.036794872663875336
