initial_MPA,Ocean,Cote Bleue,Cerbere-Banyuls,Cape de Creus,Columbretes,Cala Ratjada,Menorca,Tabarca,Cabo de Palos,Cabo de Gata,Coast
Cote Bleue,0.9775899499029043,0.004686602197825518,0.00015041194387821103,0.0013975243938214844,,,0.00035879894709128286,,,,0.015816712614479252
Cerbere-Banyuls,0.9322119399262233,,0.0004580681069655601,0.007735494138137562,,,1.0623100810889613e-07,,,,0.0595943915976655
Cape de Creus,0.9141676021413766,,0.000436439007642324,0.004765636245724241,,,6.35800663775893e-07,,,,0.08062968680459302
Columbretes,0.9593024207926428,,,,0.00923096312996439,1.0854883834411254e-05,8.229531156446545e-05,,,,0.03137346588199394
Cala Ratjada,0.9447770274967983,,,,,0.013870379554191788,0.0014542831766960898,,,,0.039898309772313886
Menorca,0.9889400696649241,,,,,0.000514626961912006,0.0001887551211781712,,,,0.010356548251985731
Tabarca,0.9341717178404145,,,,0.0020146029627579752,0.00013127295665898642,0.0005796825251418518,0.0016522277460121605,1.774688624989663e-05,9.327547406584675e-07,0.06143181632802392
Cabo de Palos,0.9516513538902275,,,,0.0027623416325968037,0.00047896316584146616,0.0010024386092749873,0.00043880074229153335,1.4155457221821213e-05,0.00010150273817782477,0.04355044376436811
Cabo de Gata,0.9563825514668959,,,,1.8968863286664067e-06,,,0.00014111982947795354,0.00012258993708081257,0.0063924617003020216,0.036959380179914694
