initial_MPA,Ocean,Cote Bleue,Cerbere-Banyuls,Cape de Creus,Columbretes,Cala Ratjada,Menorca,Tabarca,Cabo de Palos,Cabo de Gata,Coast
Cote Bleue,0.763137978338819,0.05471091265725671,0.0009801358758807365,0.00544895510051323,,,0.0004162445891048769,,,,0.1753057734384255
Cerbere-Banyuls,0.28510220434092276,,0.0018130960057713879,0.31655587752208153,,2.6754301003408276e-05,0.0002554550564201076,,,,0.3962466127738008
Cape de Creus,0.3907563106673311,,0.0008226899910005643,0.13161117965252167,,0.00012605551646628437,0.0005006315586792221,,,,0.4761831326140012
Columbretes,0.8895291106565364,,,,0.00865885558487324,0.00012383793665239154,0.0002623825020916834,,,,0.10142581331984629
Cala Ratjada,0.6558986622991895,,,,,0.10647107995472399,0.004218248474487749,,,,0.23341200927159877
Menorca,0.7807334421684446,,,,,0.0008610429814987708,0.02461247543110847,,,,0.19379303941894807
Tabarca,0.40390805977170885,,,,0.0008062964284161786,0.0002982756438345288,0.001202034623716238,0.007658462569698285,0.00022082593661243365,4.002568848687087e-07,0.5859056447691287
Cabo de Palos,0.5735943366789167,,,,0.0016372787024440463,0.00043548053473035697,0.0010899323079191616,0.002002005633185168,0.00022182534842691263,0.0005352436610326536,0.420483897133345
Cabo de Gata,0.43155086187636094,,,,8.736021876064869e-07,,,0.0002028398164102299,0.00018205104570854334,0.2281034168937075,0.3399599567656252
