initial_MPA,Ocean,Cote Bleue,Cerbere-Banyuls,Cape de Creus,Columbretes,Cala Ratjada,Menorca,Tabarca,Cabo de Palos,Cabo de Gata,Coast
Cote Bleue,0.7802048644249178,0.056229300022481374,0.0010273262556175192,0.004975626321735847,,,0.0005537270045433734,,,,0.15700915597070408
Cerbere-Banyuls,0.18057411323501035,,0.0023473108379294077,0.38411957606044245,,3.315130332536062e-05,0.0003136855745643172,,,,0.4326121629887281
Cape de Creus,0.3532531600630265,,0.00046281570908978254,0.1428358547180901,,0.00017092269759400524,0.0006201351658036857,,,,0.5026571116463959
Columbretes,0.9266648238734663,,,,0.010110645417578137,4.537190204425603e-05,0.00028584100761098346,,,,0.06289331779930038
Cala Ratjada,0.639038182301506,,,,,0.11914530617257803,0.004318547083942494,,,,0.2374979644419735
Menorca,0.7449089719053971,,,,,0.0008949323796241638,0.029201366034155803,,,,0.22499472968082296
Tabarca,0.36573885759203734,,,,0.000523059097691714,0.0002987187011016518,0.0018513206021665122,0.00777539584371744,,,0.6238126481632853
Cabo de Palos,0.5516946096343159,,,,0.0018400310947270188,0.0003433012463761521,0.0010989442567172682,0.001718220556245268,6.807426203790777e-05,3.952296898537868e-05,0.4431972959805951
Cabo de Gata,0.39549608456403557,,,,,,,0.00025645919657912034,0.0002301649785804135,0.24813171668065911,0.3558855745801458
