initial_MPA,Ocean,Cote Bleue,Cerbere-Banyuls,Cape de Creus,Columbretes,Cala Ratjada,Menorca,Tabarca,Cabo de Palos,Cabo de Gata,Coast
Cote Bleue,0.9629922392616604,0.010408848333599665,0.00035777270789230143,0.0013511768131334856,,,0.0005369910882683252,,,,0.024352971795445728
Cerbere-Banyuls,0.8560624120742434,,0.0007385801544834368,0.023981747756264597,,,,,,,0.11921726001500862
Cape de Creus,0.8516248473410984,,0.0003033582118240641,0.01131759482574393,,,3.0274373197204163e-06,,,,0.1367511721840138
Columbretes,0.9790937584110045,,,,0.010847782703008856,,3.741103897730114e-05,,,,0.010021047847009256
Cala Ratjada,0.9248212203175457,,,,,0.02255446521040194,0.002258376764701978,,,,0.05036593770735037
Menorca,0.9836943701847236,,,,,0.0005623884964650707,0.0004486260701779587,,,,0.01529461524863335
Tabarca,0.8872196758673792,,,,0.001328120487292496,8.131636045916265e-05,0.0008454798478430695,0.0038179433241791673,,,0.10670746411284691
Cabo de Palos,0.934202050371598,,,,0.003044053654369604,0.0002619029386263614,0.0011181479166039493,0.0009565756975657227,3.1033845842753e-05,3.325423747542917e-05,0.06035298133791815
Cabo de Gata,0.9316881373407722,,,,,,,0.000351438907724822,0.00011010049058927007,0.012317824212554606,0.05553249904835912
