initial_MPA,Ocean,Cote Bleue,Cerbere-Banyuls,Cape de Creus,Columbretes,Cala Ratjada,Menorca,Tabarca,Cabo de Palos,Cabo de Gata,Coast
Cote Bleue,0.9788733923144657,0.006522400550871987,0.00012121866729863946,0.0006753253249943182,,,0.000152386853356913,,,,0.013655276289012459
Cerbere-Banyuls,0.9232957634069144,,0.0008004740520298396,0.01214845274027768,,8.903430540477882e-06,1.2033542839864637e-05,,,,0.06373437282739775
Cape de Creus,0.8860793026093702,,0.0005252073089867059,0.010800505306271715,,1.4167160448195347e-05,2.3789488951517836e-05,,,,0.10255702812597171
Columbretes,0.938453497181262,,,,0.008515003098081406,3.1421418883517426e-06,0.0004150447163549744,,,,0.05261331286241321
Cala Ratjada,0.916769802948564,,,,,0.025279485635434935,0.002128825879892704,,,,0.05582188553610831
Menorca,0.9889321542512158,,,,,0.0002556269935186969,0.0001346615665670669,,,,0.01067755718869841
Tabarca,0.8995252052513516,,,,0.004443332147096475,7.881218226449987e-05,0.0006337986738634097,0.0043058278238069575,9.27467876825177e-05,,0.09092027713393452
Cabo de Palos,0.9343054700106915,,,,0.0043671805999189834,0.00013187974393539948,0.0005103725338176603,0.0015792884677960249,6.041461912382875e-05,6.4850385491443485e-06,0.05903890898616746
Cabo de Gata,0.9391737472742178,,,,,,,0.000199360813467881,5.640372701503359e-05,0.011091177151950408,0.049479311033348905
