initial_MPA,Ocean,Cote Bleue,Cerbere-Banyuls,Cape de Creus,Columbretes,Cala Ratjada,Menorca,Tabarca,Cabo de Palos,Cabo de Gata,Coast
Cote Bleue,0.7652970770958523,0.06686753009130487,0.00038181768753192804,0.0021206522638643286,,,0.00014593257120119272,,,,0.1651869902902454
Cerbere-Banyuls,0.28160459933794135,,0.0021010834080119663,0.315821596714666,,6.31390518613774e-05,0.0002555214102567828,,,,0.4001540600772625
Cape de Creus,0.38400167436240873,,0.0009514860806288581,0.14217200402639293,,0.00015835120447949688,0.0004901685102769574,,,,0.472226315815813
Columbretes,0.8810015266220396,,,,0.007928348583503239,6.535847383443828e-06,0.0008144866110165674,,,,0.1102491023360572
Cala Ratjada,0.6212767661437125,,,,,0.12373462663777388,0.005695047198040962,,,,0.24929356002047265
Menorca,0.7712237895672728,,,,,0.0003553994928132608,0.026435798458933544,,,,0.20198501248098047
Tabarca,0.3962017910245763,,,,0.0018936888735118403,9.540598287277598e-05,0.000545291222618494,0.009345745702027815,0.00026062735842487,,0.5916574498359679
Cabo de Palos,0.5674304982946673,,,,0.0025698671370325216,0.0001069887545644999,0.000555138682551253,0.0028920545592886066,0.00026799851104136464,9.525036788164923e-06,0.42616792902406625
Cabo de Gata,0.4392632734311378,,,,,,,0.0002318031745862054,0.00019021928549801362,0.23072041513404115,0.3295942889747368
